{
    "Goals": [
      {
        "Name": "Point 1",
        "X": 6.20658317565918,
        "Y": 1.051742312788963318,
        "Z": 0,
        "Orientation": [0,0,0,1]
      },
      {
        "Name": "Point 2",
        "X": 8.20658317565918,
        "Y": 1.051742312788963318,
        "Z": 0,
        "Orientation": [0,0,0,1]
      },
      {
        "Name": "Point 3",
        "X": 4.110,
        "Y": 1.037570499658584595,
        "Z": 0,
        "Orientation": [0,0,0,1]
      },
      {
        "position":{
            "x":0,
            "y":0,
            "z":0
        },
        "orientation":{
            "x": 0,
            "y": 0,
            "z": 0,
            "w": 0
        },
        "target_executed": 0
      }
    ]
  }
  